Trial,DTL 0,DTL 1,DTL 2,DTL 3,DTL 4,DTL 5
0,0.18095738,0.1818797,0.20720853,0.20720853,0.20720853,0.23082261
1,0.11097309,0.15573676,0.15573676,0.23082261,0.23082261,0.23082261
2,0.053073063,0.20426257,0.20426257,0.20720853,0.20720853,0.23082261
3,0.14763677,0.20426257,0.23082261,0.23082261,0.23082261,0.23082261
4,0.067646466,0.15643072,0.2230558,0.2230558,0.2230558,0.23082261
5,0.10436374,0.23082261,0.23082261,0.23082261,0.23082261,0.23082261
6,0.060921993,0.23082261,0.23082261,0.23082261,0.23082261,0.23082261
7,0.035341848,0.11182556,0.1818797,0.23082261,0.23082261,0.23082261
8,0.073504195,0.1818797,0.23082261,0.23082261,0.23082261,0.23082261
9,0.07677005,0.11326018,0.21805231,0.21805231,0.21805231,0.23082261
10,0.1260811,0.20720853,0.20720853,0.20720853,0.23082261,0.23082261
11,0.09599862,0.109353766,0.18264867,0.1926011,0.1926011,0.23082261
12,0.19342472,0.19342472,0.19342472,0.2230558,0.23082261,0.23082261
13,0.055213813,0.1769722,0.21805231,0.21805231,0.23082261,0.23082261
14,0.09398217,0.109353766,0.23082261,0.23082261,0.23082261,0.23082261
15,0.09437443,0.114372894,0.15766278,0.23082261,0.23082261,0.23082261
16,0.030397575,0.14130014,0.1492644,0.18264867,0.23082261,0.23082261
17,0.08534878,0.23082261,0.23082261,0.23082261,0.23082261,0.23082261
18,0.010389327,0.21805231,0.21805231,0.23082261,0.23082261,0.23082261
19,0.07588746,0.16985217,0.23082261,0.23082261,0.23082261,0.23082261
20,0.0680887,0.21805231,0.21805231,0.2230558,0.2230558,0.23082261
21,0.06288598,0.1818797,0.23082261,0.23082261,0.23082261,0.23082261
22,0.058941644,0.15129963,0.16695361,0.20720853,0.23082261,0.23082261
23,0.15005654,0.23082261,0.23082261,0.23082261,0.23082261,0.23082261
24,0.029490568,0.13916999,0.16228527,0.20720853,0.2230558,0.23082261
25,0.11263864,0.15757722,0.15757722,0.23082261,0.23082261,0.23082261
26,0.058222644,0.20720853,0.20720853,0.21805231,0.23082261,0.23082261
27,0.17815378,0.20426257,0.20426257,0.20426257,0.20426257,0.2230558
28,0.059013266,0.13868634,0.1769722,0.23082261,0.23082261,0.23082261
29,0.13108122,0.15757722,0.1926011,0.21805231,0.23082261,0.23082261
